speaker_id,task,split,gold_value,gender,age,ethnicity,n_utterances,n_correct,n_incorrect,n_correct_resolved,n_incorrect_resolved,exact_match_rate,value_accuracy,value_accuracy_resolved,error_rate,error_rate_resolved,ecapa_raw_pca_x,ecapa_raw_pca_y,ecapa_raw_tsne_x,ecapa_raw_tsne_y,ecapa_mapper_pca_x,ecapa_mapper_pca_y,ecapa_mapper_tsne_x,ecapa_mapper_tsne_y
p001,age,val,36-45,male,36-45,white or caucasian,51,39,12,39,12,0.35294117647058826,0.7647058823529411,0.7647058823529411,0.23529411764705888,0.23529411764705888,-8.728436,0.06739885,6.272441,3.4840906,39.87935,2.8475122,0.59365296,-6.233359
p001,ethnicity,val,white or caucasian,male,36-45,white or caucasian,51,50,1,50,1,0.0,0.9803921568627451,0.9803921568627451,0.019607843137254943,0.019607843137254943,-8.728436,0.06739885,6.272441,3.4840906,39.87935,2.8475122,0.59365296,-6.233359
p001,gender,val,male,male,36-45,white or caucasian,51,51,0,51,0,0.0,1.0,1.0,0.0,0.0,-8.728436,0.06739885,6.272441,3.4840906,39.87935,2.8475122,0.59365296,-6.233359
p002,age,val,46-55,female,46-55,white or caucasian,51,38,13,38,13,0.0,0.7450980392156863,0.7450980392156863,0.2549019607843137,0.2549019607843137,6.7487965,-1.8464109,-2.7281275,-1.376591,-13.984952,-9.289856,-0.26582286,3.5213032
p002,ethnicity,val,white or caucasian,female,46-55,white or caucasian,51,50,1,50,1,0.0,0.9803921568627451,0.9803921568627451,0.019607843137254943,0.019607843137254943,6.7487965,-1.8464109,-2.7281275,-1.376591,-13.984952,-9.289856,-0.26582286,3.5213032
p002,gender,val,female,female,46-55,white or caucasian,51,48,3,48,3,0.0,0.9411764705882353,0.9411764705882353,0.05882352941176472,0.05882352941176472,6.7487965,-1.8464109,-2.7281275,-1.376591,-13.984952,-9.289856,-0.26582286,3.5213032
p003,age,val,26-35,female,26-35,black or african american,53,23,30,23,30,0.4339622641509434,0.4339622641509434,0.4339622641509434,0.5660377358490566,0.5660377358490566,9.294562,3.7711744,-3.221402,-3.0964735,-12.05068,-7.247916,-0.40333715,2.6872149
p003,ethnicity,val,black or african american,female,26-35,black or african american,53,9,44,9,44,0.0,0.16981132075471697,0.16981132075471697,0.8301886792452831,0.8301886792452831,9.294562,3.7711744,-3.221402,-3.0964735,-12.05068,-7.247916,-0.40333715,2.6872149
p003,gender,val,female,female,26-35,black or african american,53,46,7,46,7,0.0,0.8679245283018868,0.8679245283018868,0.13207547169811318,0.13207547169811318,9.294562,3.7711744,-3.221402,-3.0964735,-12.05068,-7.247916,-0.40333715,2.6872149
p004,age,val,18-25,male,18-25,white or caucasian,52,32,20,32,20,0.038461538461538464,0.6153846153846154,0.6153846153846154,0.3846153846153846,0.3846153846153846,-6.678621,2.8965063,5.438214,1.4620225,21.44448,7.284957,-0.762465,-4.570955
p004,ethnicity,val,white or caucasian,male,18-25,white or caucasian,52,49,3,49,3,0.25,0.9423076923076923,0.9423076923076923,0.05769230769230771,0.05769230769230771,-6.678621,2.8965063,5.438214,1.4620225,21.44448,7.284957,-0.762465,-4.570955
p004,gender,val,male,male,18-25,white or caucasian,52,52,0,52,0,0.0,1.0,1.0,0.0,0.0,-6.678621,2.8965063,5.438214,1.4620225,21.44448,7.284957,-0.762465,-4.570955
p005,age,test,18-25,male,18-25,asian,251,178,73,178,73,0.0,0.7091633466135459,0.7091633466135459,0.29083665338645415,0.29083665338645415,-4.040167,6.1074977,5.5769935,-0.62211424,20.453577,6.059269,1.0691432,-4.7070665
p005,ethnicity,test,asian,male,18-25,asian,251,176,75,176,75,0.0,0.701195219123506,0.701195219123506,0.298804780876494,0.298804780876494,-4.040167,6.1074977,5.5769935,-0.62211424,20.453577,6.059269,1.0691432,-4.7070665
p005,gender,test,male,male,18-25,asian,251,249,2,249,2,0.0,0.9920318725099602,0.9920318725099602,0.007968127490039834,0.007968127490039834,-4.040167,6.1074977,5.5769935,-0.62211424,20.453577,6.059269,1.0691432,-4.7070665
p006,age,val,36-45,female,36-45,hispanic or latino,56,6,50,6,50,0.05357142857142857,0.10714285714285714,0.10714285714285714,0.8928571428571429,0.8928571428571429,6.384765,-3.3012848,-0.85702485,-5.304727,20.547121,-36.077797,3.5747101,0.53893876
p006,ethnicity,val,hispanic or latino,female,36-45,hispanic or latino,56,23,33,23,33,0.0,0.4107142857142857,0.4107142857142857,0.5892857142857143,0.5892857142857143,6.384765,-3.3012848,-0.85702485,-5.304727,20.547121,-36.077797,3.5747101,0.53893876
p006,gender,val,female,female,36-45,hispanic or latino,56,54,2,54,2,0.0,0.9642857142857143,0.9642857142857143,0.0357142857142857,0.0357142857142857,6.384765,-3.3012848,-0.85702485,-5.304727,20.547121,-36.077797,3.5747101,0.53893876
p007,age,val,36-45,male,36-45,white or caucasian,50,32,18,32,18,0.64,0.64,0.64,0.36,0.36,-3.289461,4.596405,7.378234,0.0808366,10.859776,9.95043,-0.50471294,-3.7211049
p007,ethnicity,val,white or caucasian,male,36-45,white or caucasian,50,49,1,49,1,0.0,0.98,0.98,0.020000000000000018,0.020000000000000018,-3.289461,4.596405,7.378234,0.0808366,10.859776,9.95043,-0.50471294,-3.7211049
p007,gender,val,male,male,36-45,white or caucasian,50,50,0,50,0,0.0,1.0,1.0,0.0,0.0,-3.289461,4.596405,7.378234,0.0808366,10.859776,9.95043,-0.50471294,-3.7211049
p008,age,val,56-65,male,56-65,white or caucasian,57,16,41,16,41,0.03508771929824561,0.2807017543859649,0.2807017543859649,0.7192982456140351,0.7192982456140351,-4.9295597,1.1772425,3.5042508,3.2772841,16.09161,3.556309,0.14667615,-3.8413928
p008,ethnicity,val,white or caucasian,male,56-65,white or caucasian,57,55,2,55,2,0.43859649122807015,0.9649122807017544,0.9649122807017544,0.03508771929824561,0.03508771929824561,-4.9295597,1.1772425,3.5042508,3.2772841,16.09161,3.556309,0.14667615,-3.8413928
p008,gender,val,male,male,56-65,white or caucasian,57,53,4,53,4,0.0,0.9298245614035088,0.9298245614035088,0.07017543859649122,0.07017543859649122,-4.9295597,1.1772425,3.5042508,3.2772841,16.09161,3.556309,0.14667615,-3.8413928
p009,age,val,18-25,male,18-25,white or caucasian,53,16,37,16,37,0.05660377358490566,0.3018867924528302,0.3018867924528302,0.6981132075471699,0.6981132075471699,-8.098112,3.8789523,6.5833106,2.6883626,26.449638,3.7905862,-0.27212548,-5.403512
p009,ethnicity,val,white or caucasian,male,18-25,white or caucasian,53,50,3,50,3,0.0,0.9433962264150944,0.9433962264150944,0.05660377358490565,0.05660377358490565,-8.098112,3.8789523,6.5833106,2.6883626,26.449638,3.7905862,-0.27212548,-5.403512
p009,gender,val,male,male,18-25,white or caucasian,53,53,0,53,0,0.8301886792452831,1.0,1.0,0.0,0.0,-8.098112,3.8789523,6.5833106,2.6883626,26.449638,3.7905862,-0.27212548,-5.403512
p010,age,val,36-45,male,36-45,black or african american,53,14,39,14,39,0.07547169811320754,0.2641509433962264,0.2641509433962264,0.7358490566037736,0.7358490566037736,-6.755225,-2.3075724,5.4738665,5.7048106,2.3119402,12.76053,-2.0965793,-1.8378439
p010,ethnicity,val,black or african american,male,36-45,black or african american,53,47,6,47,6,0.1320754716981132,0.8867924528301887,0.8867924528301887,0.1132075471698113,0.1132075471698113,-6.755225,-2.3075724,5.4738665,5.7048106,2.3119402,12.76053,-2.0965793,-1.8378439
p010,gender,val,male,male,36-45,black or african american,53,48,5,48,5,0.018867924528301886,0.9056603773584906,0.9056603773584906,0.09433962264150941,0.09433962264150941,-6.755225,-2.3075724,5.4738665,5.7048106,2.3119402,12.76053,-2.0965793,-1.8378439
p011,age,test,18-25,female,18-25,white or caucasian,267,93,174,93,174,0.3408239700374532,0.34831460674157305,0.34831460674157305,0.651685393258427,0.651685393258427,7.788163,3.3372142,-2.8272636,-3.0844438,-23.162237,-1.2664535,-2.7609775,3.939918
p011,ethnicity,test,white or caucasian,female,18-25,white or caucasian,267,257,10,257,10,0.0,0.9625468164794008,0.9625468164794008,0.03745318352059923,0.03745318352059923,7.788163,3.3372142,-2.8272636,-3.0844438,-23.162237,-1.2664535,-2.7609775,3.939918
p011,gender,test,female,female,18-25,white or caucasian,267,247,20,247,20,0.0,0.9250936329588015,0.9250936329588015,0.07490636704119846,0.07490636704119846,7.788163,3.3372142,-2.8272636,-3.0844438,-23.162237,-1.2664535,-2.7609775,3.939918
p012,age,val,26-35,female,26-35,hispanic or latino,57,11,46,11,46,0.0,0.19298245614035087,0.19298245614035087,0.8070175438596492,0.8070175438596492,-0.8952457,-5.126463,2.3731394,-1.4154333,-31.103292,9.015518,-4.9105525,5.3360696
p012,ethnicity,val,hispanic or latino,female,26-35,hispanic or latino,57,2,55,2,55,0.0,0.03508771929824561,0.03508771929824561,0.9649122807017544,0.9649122807017544,-0.8952457,-5.126463,2.3731394,-1.4154333,-31.103292,9.015518,-4.9105525,5.3360696
p012,gender,val,female,female,26-35,hispanic or latino,57,48,9,48,9,0.0,0.8421052631578947,0.8421052631578947,0.1578947368421053,0.1578947368421053,-0.8952457,-5.126463,2.3731394,-1.4154333,-31.103292,9.015518,-4.9105525,5.3360696
p013,age,val,26-35,female,26-35,white or caucasian,52,8,44,8,44,0.019230769230769232,0.15384615384615385,0.15384615384615385,0.8461538461538461,0.8461538461538461,6.2063265,-2.292638,-2.5388832,-6.482326,16.177885,-40.227386,3.6321173,0.6794242
p013,ethnicity,val,white or caucasian,female,26-35,white or caucasian,52,43,9,43,9,0.0,0.8269230769230769,0.8269230769230769,0.17307692307692313,0.17307692307692313,6.2063265,-2.292638,-2.5388832,-6.482326,16.177885,-40.227386,3.6321173,0.6794242
p013,gender,val,female,female,26-35,white or caucasian,52,51,1,51,1,0.0,0.9807692307692307,0.9807692307692307,0.019230769230769273,0.019230769230769273,6.2063265,-2.292638,-2.5388832,-6.482326,16.177885,-40.227386,3.6321173,0.6794242
p014,age,val,26-35,female,26-35,white or caucasian,58,21,37,21,37,0.0,0.3620689655172414,0.3620689655172414,0.6379310344827587,0.6379310344827587,3.5220358,1.2936301,-1.5339248,0.17533061,-33.82989,6.4745607,-4.767307,3.1078768
p014,ethnicity,val,white or caucasian,female,26-35,white or caucasian,58,56,2,56,2,0.0,0.9655172413793104,0.9655172413793104,0.03448275862068961,0.03448275862068961,3.5220358,1.2936301,-1.5339248,0.17533061,-33.82989,6.4745607,-4.767307,3.1078768
p014,gender,val,female,female,26-35,white or caucasian,58,47,11,47,11,0.0,0.8103448275862069,0.8103448275862069,0.18965517241379315,0.18965517241379315,3.5220358,1.2936301,-1.5339248,0.17533061,-33.82989,6.4745607,-4.767307,3.1078768
p015,age,val,46-55,female,46-55,white or caucasian,68,47,21,47,21,0.6617647058823529,0.6911764705882353,0.6911764705882353,0.3088235294117647,0.3088235294117647,3.4635794,-1.6749847,-0.037651118,-0.7933793,-20.81693,3.1737673,-3.1424305,2.839071
p015,ethnicity,val,white or caucasian,female,46-55,white or caucasian,68,64,4,64,4,0.0,0.9411764705882353,0.9411764705882353,0.05882352941176472,0.05882352941176472,3.4635794,-1.6749847,-0.037651118,-0.7933793,-20.81693,3.1737673,-3.1424305,2.839071
p015,gender,val,female,female,46-55,white or caucasian,68,52,16,52,16,0.0,0.7647058823529411,0.7647058823529411,0.23529411764705888,0.23529411764705888,3.4635794,-1.6749847,-0.037651118,-0.7933793,-20.81693,3.1737673,-3.1424305,2.839071
p016,age,val,18-25,male,18-25,white or caucasian,49,26,23,26,23,0.0,0.5306122448979592,0.5306122448979592,0.4693877551020408,0.4693877551020408,-5.9659486,1.3857046,7.5220532,3.2549913,8.8893,5.846876,-0.89916867,-3.1178985
p016,ethnicity,val,white or caucasian,male,18-25,white or caucasian,49,36,13,36,13,0.6938775510204082,0.7346938775510204,0.7346938775510204,0.26530612244897955,0.26530612244897955,-5.9659486,1.3857046,7.5220532,3.2549913,8.8893,5.846876,-0.89916867,-3.1178985
p016,gender,val,male,male,18-25,white or caucasian,49,46,3,46,3,0.7346938775510204,0.9387755102040817,0.9387755102040817,0.061224489795918324,0.061224489795918324,-5.9659486,1.3857046,7.5220532,3.2549913,8.8893,5.846876,-0.89916867,-3.1178985
p017,age,val,36-45,male,36-45,white or caucasian,58,18,40,18,40,0.0,0.3103448275862069,0.3103448275862069,0.6896551724137931,0.6896551724137931,-8.42181,8.520115,7.0219073,1.7502979,21.012228,10.412486,0.015933236,-4.55596
p017,ethnicity,val,white or caucasian,male,36-45,white or caucasian,58,58,0,58,0,0.8275862068965517,1.0,1.0,0.0,0.0,-8.42181,8.520115,7.0219073,1.7502979,21.012228,10.412486,0.015933236,-4.55596
p017,gender,val,male,male,36-45,white or caucasian,58,57,1,57,1,0.034482758620689655,0.9827586206896551,0.9827586206896551,0.017241379310344862,0.017241379310344862,-8.42181,8.520115,7.0219073,1.7502979,21.012228,10.412486,0.015933236,-4.55596
p018,age,val,46-55,female,46-55,white or caucasian,55,32,23,32,23,0.0,0.5818181818181818,0.5818181818181818,0.4181818181818182,0.4181818181818182,-1.0504102,-4.191894,1.5882105,0.4437012,-5.382105,9.419837,-2.3594036,0.50396323
p018,ethnicity,val,white or caucasian,female,46-55,white or caucasian,55,54,1,54,1,0.0,0.9818181818181818,0.9818181818181818,0.018181818181818188,0.018181818181818188,-1.0504102,-4.191894,1.5882105,0.4437012,-5.382105,9.419837,-2.3594036,0.50396323
p018,gender,val,female,female,46-55,white or caucasian,55,31,24,31,24,0.0,0.5636363636363636,0.5636363636363636,0.4363636363636364,0.4363636363636364,-1.0504102,-4.191894,1.5882105,0.4437012,-5.382105,9.419837,-2.3594036,0.50396323
p019,age,val,18-25,male,18-25,white or caucasian,51,2,49,2,49,0.0392156862745098,0.0392156862745098,0.0392156862745098,0.9607843137254902,0.9607843137254902,-8.219981,-3.2323012,3.4618857,5.795206,25.865395,3.205809,-0.5301466,-5.8417
p019,ethnicity,val,white or caucasian,male,18-25,white or caucasian,51,51,0,51,0,0.0,1.0,1.0,0.0,0.0,-8.219981,-3.2323012,3.4618857,5.795206,25.865395,3.205809,-0.5301466,-5.8417
p019,gender,val,male,male,18-25,white or caucasian,51,51,0,51,0,0.0,1.0,1.0,0.0,0.0,-8.219981,-3.2323012,3.4618857,5.795206,25.865395,3.205809,-0.5301466,-5.8417
p020,age,val,26-35,male,26-35,black or african american,58,8,50,8,50,0.08620689655172414,0.13793103448275862,0.13793103448275862,0.8620689655172413,0.8620689655172413,-3.6988716,3.5830786,5.573788,-0.9999897,21.35014,-3.1573193,1.1626103,-4.6420455
p020,ethnicity,val,black or african american,male,26-35,black or african american,58,32,26,32,26,0.3620689655172414,0.5517241379310345,0.5517241379310345,0.4482758620689655,0.4482758620689655,-3.6988716,3.5830786,5.573788,-0.9999897,21.35014,-3.1573193,1.1626103,-4.6420455
p020,gender,val,male,male,26-35,black or african american,58,56,2,56,2,0.0,0.9655172413793104,0.9655172413793104,0.03448275862068961,0.03448275862068961,-3.6988716,3.5830786,5.573788,-0.9999897,21.35014,-3.1573193,1.1626103,-4.6420455
p021,age,val,66-75,female,66-75,white or caucasian,55,0,55,0,55,0.0,0.0,0.0,1.0,1.0,5.7402115,-0.21797626,-0.84080523,-1.4835968,-15.381871,-10.648544,-0.8682399,3.680198
p021,ethnicity,val,white or caucasian,female,66-75,white or caucasian,55,55,0,55,0,0.0,1.0,1.0,0.0,0.0,5.7402115,-0.21797626,-0.84080523,-1.4835968,-15.381871,-10.648544,-0.8682399,3.680198
p021,gender,val,female,female,66-75,white or caucasian,55,52,3,52,3,0.0,0.9454545454545454,0.9454545454545454,0.054545454545454564,0.054545454545454564,5.7402115,-0.21797626,-0.84080523,-1.4835968,-15.381871,-10.648544,-0.8682399,3.680198
p022,age,val,36-45,male,36-45,white or caucasian,51,40,11,40,11,0.7254901960784313,0.7843137254901961,0.7843137254901961,0.21568627450980393,0.21568627450980393,-7.5874333,-5.0349402,2.4303298,4.2597466,15.217316,11.852919,-2.238951,-3.499118
p022,ethnicity,val,white or caucasian,male,36-45,white or caucasian,51,49,2,49,2,0.0,0.9607843137254902,0.9607843137254902,0.039215686274509776,0.039215686274509776,-7.5874333,-5.0349402,2.4303298,4.2597466,15.217316,11.852919,-2.238951,-3.499118
p022,gender,val,male,male,36-45,white or caucasian,51,50,1,50,1,0.0,0.9803921568627451,0.9803921568627451,0.019607843137254943,0.019607843137254943,-7.5874333,-5.0349402,2.4303298,4.2597466,15.217316,11.852919,-2.238951,-3.499118
p023,age,val,26-35,male,26-35,white or caucasian,51,19,32,19,32,0.0,0.37254901960784315,0.37254901960784315,0.6274509803921569,0.6274509803921569,-1.5203594,7.716412,6.7246685,0.21343581,-8.791875,17.822952,-4.316174,0.5379761
p023,ethnicity,val,white or caucasian,male,26-35,white or caucasian,51,51,0,51,0,0.0,1.0,1.0,0.0,0.0,-1.5203594,7.716412,6.7246685,0.21343581,-8.791875,17.822952,-4.316174,0.5379761
p023,gender,val,male,male,26-35,white or caucasian,51,48,3,48,3,0.0,0.9411764705882353,0.9411764705882353,0.05882352941176472,0.05882352941176472,-1.5203594,7.716412,6.7246685,0.21343581,-8.791875,17.822952,-4.316174,0.5379761
p024,age,val,36-45,female,36-45,white or caucasian,52,4,48,4,48,0.057692307692307696,0.07692307692307693,0.07692307692307693,0.9230769230769231,0.9230769230769231,5.583503,1.1583372,-3.0568557,-1.890513,10.866911,-19.502823,2.272617,0.7166911
p024,ethnicity,val,white or caucasian,female,36-45,white or caucasian,52,51,1,51,1,0.0,0.9807692307692307,0.9807692307692307,0.019230769230769273,0.019230769230769273,5.583503,1.1583372,-3.0568557,-1.890513,10.866911,-19.502823,2.272617,0.7166911
p024,gender,val,female,female,36-45,white or caucasian,52,40,12,40,12,0.7692307692307693,0.7692307692307693,0.7692307692307693,0.23076923076923073,0.23076923076923073,5.583503,1.1583372,-3.0568557,-1.890513,10.866911,-19.502823,2.272617,0.7166911
p025,age,val,46-55,male,46-55,white or caucasian,54,22,32,22,32,0.3888888888888889,0.4074074074074074,0.4074074074074074,0.5925925925925926,0.5925925925925926,-8.818278,-3.6084566,3.6621006,5.143704,8.785449,18.72835,-2.807085,-2.155828
p025,ethnicity,val,white or caucasian,male,46-55,white or caucasian,54,53,1,53,1,0.0,0.9814814814814815,0.9814814814814815,0.01851851851851849,0.01851851851851849,-8.818278,-3.6084566,3.6621006,5.143704,8.785449,18.72835,-2.807085,-2.155828
p025,gender,val,male,male,46-55,white or caucasian,54,54,0,54,0,0.0,1.0,1.0,0.0,0.0,-8.818278,-3.6084566,3.6621006,5.143704,8.785449,18.72835,-2.807085,-2.155828
p026,age,val,46-55,female,46-55,white or caucasian,56,34,22,34,22,0.0,0.6071428571428571,0.6071428571428571,0.3928571428571429,0.3928571428571429,6.3470798,-0.43649036,-2.1102266,-2.0971072,-9.86608,-2.7242982,-1.912896,2.1627376
p026,ethnicity,val,white or caucasian,female,46-55,white or caucasian,56,54,2,54,2,0.0,0.9642857142857143,0.9642857142857143,0.0357142857142857,0.0357142857142857,6.3470798,-0.43649036,-2.1102266,-2.0971072,-9.86608,-2.7242982,-1.912896,2.1627376
p026,gender,val,female,female,46-55,white or caucasian,56,47,9,47,9,0.0,0.8392857142857143,0.8392857142857143,0.1607142857142857,0.1607142857142857,6.3470798,-0.43649036,-2.1102266,-2.0971072,-9.86608,-2.7242982,-1.912896,2.1627376
p027,age,val,46-55,female,46-55,white or caucasian,51,18,33,18,33,0.0,0.35294117647058826,0.35294117647058826,0.6470588235294117,0.6470588235294117,6.6045475,2.2910469,-4.979857,-3.5459688,-25.22906,-1.1626512,-3.5359013,4.5261807
p027,ethnicity,val,white or caucasian,female,46-55,white or caucasian,51,33,18,33,18,0.0,0.6470588235294118,0.6470588235294118,0.3529411764705882,0.3529411764705882,6.6045475,2.2910469,-4.979857,-3.5459688,-25.22906,-1.1626512,-3.5359013,4.5261807
p027,gender,val,female,female,46-55,white or caucasian,51,46,5,46,5,0.0,0.9019607843137255,0.9019607843137255,0.0980392156862745,0.0980392156862745,6.6045475,2.2910469,-4.979857,-3.5459688,-25.22906,-1.1626512,-3.5359013,4.5261807
p028,age,val,18-25,female,18-25,white or caucasian,52,25,27,25,27,0.019230769230769232,0.4807692307692308,0.4807692307692308,0.5192307692307692,0.5192307692307692,8.492562,4.057432,-3.4931114,-3.895406,-19.543482,-2.3945951,-2.176039,4.8116674
p028,ethnicity,val,white or caucasian,female,18-25,white or caucasian,52,52,0,52,0,0.0,1.0,1.0,0.0,0.0,8.492562,4.057432,-3.4931114,-3.895406,-19.543482,-2.3945951,-2.176039,4.8116674
p028,gender,val,female,female,18-25,white or caucasian,52,45,7,45,7,0.0,0.8653846153846154,0.8653846153846154,0.13461538461538458,0.13461538461538458,8.492562,4.057432,-3.4931114,-3.895406,-19.543482,-2.3945951,-2.176039,4.8116674
p029,age,val,26-35,female,26-35,black or african american,56,25,31,25,31,0.42857142857142855,0.44642857142857145,0.44642857142857145,0.5535714285714286,0.5535714285714286,5.7826223,-0.97991455,-1.711554,-2.7471883,-9.235278,-9.486592,0.08994938,2.2989626
p029,ethnicity,val,black or african american,female,26-35,black or african american,56,16,40,16,40,0.0,0.2857142857142857,0.2857142857142857,0.7142857142857143,0.7142857142857143,5.7826223,-0.97991455,-1.711554,-2.7471883,-9.235278,-9.486592,0.08994938,2.2989626
p029,gender,val,female,female,26-35,black or african american,56,54,2,54,2,0.0,0.9642857142857143,0.9642857142857143,0.0357142857142857,0.0357142857142857,5.7826223,-0.97991455,-1.711554,-2.7471883,-9.235278,-9.486592,0.08994938,2.2989626
p030,age,val,26-35,female,26-35,white or caucasian,54,6,48,6,48,0.1111111111111111,0.1111111111111111,0.1111111111111111,0.8888888888888888,0.8888888888888888,0.4871337,-1.3284614,3.0269635,-2.0508606,-33.34897,8.679634,-4.7961874,5.5278873
p030,ethnicity,val,white or caucasian,female,26-35,white or caucasian,54,35,19,35,19,0.0,0.6481481481481481,0.6481481481481481,0.35185185185185186,0.35185185185185186,0.4871337,-1.3284614,3.0269635,-2.0508606,-33.34897,8.679634,-4.7961874,5.5278873
p030,gender,val,female,female,26-35,white or caucasian,54,48,6,48,6,0.09259259259259259,0.8888888888888888,0.8888888888888888,0.11111111111111116,0.11111111111111116,0.4871337,-1.3284614,3.0269635,-2.0508606,-33.34897,8.679634,-4.7961874,5.5278873
p031,age,val,18-25,male,18-25,hispanic or latino,52,1,51,1,51,0.0,0.019230769230769232,0.019230769230769232,0.9807692307692307,0.9807692307692307,-6.727089,-4.5650454,4.318952,2.8940196,23.576319,7.594929,-2.3961782,-6.0686917
p031,ethnicity,val,hispanic or latino,male,18-25,hispanic or latino,52,2,50,2,50,0.0,0.038461538461538464,0.038461538461538464,0.9615384615384616,0.9615384615384616,-6.727089,-4.5650454,4.318952,2.8940196,23.576319,7.594929,-2.3961782,-6.0686917
p031,gender,val,male,male,18-25,hispanic or latino,52,52,0,52,0,0.0,1.0,1.0,0.0,0.0,-6.727089,-4.5650454,4.318952,2.8940196,23.576319,7.594929,-2.3961782,-6.0686917
p032,age,val,56-65,female,56-65,white or caucasian,54,22,32,22,32,0.3888888888888889,0.4074074074074074,0.4074074074074074,0.5925925925925926,0.5925925925925926,-0.2619159,2.757851,0.09763649,0.0059190504,-5.6488914,9.37633,-3.0816095,0.9368701
p032,ethnicity,val,white or caucasian,female,56-65,white or caucasian,54,52,2,52,2,0.0,0.9629629629629629,0.9629629629629629,0.03703703703703709,0.03703703703703709,-0.2619159,2.757851,0.09763649,0.0059190504,-5.6488914,9.37633,-3.0816095,0.9368701
p032,gender,val,female,female,56-65,white or caucasian,54,14,40,14,40,0.0,0.25925925925925924,0.25925925925925924,0.7407407407407407,0.7407407407407407,-0.2619159,2.757851,0.09763649,0.0059190504,-5.6488914,9.37633,-3.0816095,0.9368701
p033,age,val,56-65,female,56-65,white or caucasian,62,6,56,6,56,0.08064516129032258,0.0967741935483871,0.0967741935483871,0.9032258064516129,0.9032258064516129,2.4627721,1.7608469,0.45905936,-1.8375274,-24.90057,16.983326,-4.4877424,2.5353603
p033,ethnicity,val,white or caucasian,female,56-65,white or caucasian,62,60,2,60,2,0.9516129032258065,0.967741935483871,0.967741935483871,0.032258064516129004,0.032258064516129004,2.4627721,1.7608469,0.45905936,-1.8375274,-24.90057,16.983326,-4.4877424,2.5353603
p033,gender,val,female,female,56-65,white or caucasian,62,39,23,39,23,0.0,0.6290322580645161,0.6290322580645161,0.3709677419354839,0.3709677419354839,2.4627721,1.7608469,0.45905936,-1.8375274,-24.90057,16.983326,-4.4877424,2.5353603
p034,age,val,56-65,female,56-65,white or caucasian,61,17,44,17,44,0.2459016393442623,0.2786885245901639,0.2786885245901639,0.7213114754098361,0.7213114754098361,3.4315038,-0.56789607,-0.49576163,-1.4520874,-0.6460757,-10.364511,1.0115583,1.4644259
p034,ethnicity,val,white or caucasian,female,56-65,white or caucasian,61,58,3,58,3,0.01639344262295082,0.9508196721311475,0.9508196721311475,0.049180327868852514,0.049180327868852514,3.4315038,-0.56789607,-0.49576163,-1.4520874,-0.6460757,-10.364511,1.0115583,1.4644259
p034,gender,val,female,female,56-65,white or caucasian,61,47,14,47,14,0.0,0.7704918032786885,0.7704918032786885,0.2295081967213115,0.2295081967213115,3.4315038,-0.56789607,-0.49576163,-1.4520874,-0.6460757,-10.364511,1.0115583,1.4644259
p035,age,val,18-25,female,18-25,white or caucasian,55,27,28,27,28,0.4727272727272727,0.4909090909090909,0.4909090909090909,0.509090909090909,0.509090909090909,7.602742,2.7245061,-2.5798879,-4.005934,8.489572,-22.02338,2.3888721,1.1152667
p035,ethnicity,val,white or caucasian,female,18-25,white or caucasian,55,49,6,49,6,0.8909090909090909,0.8909090909090909,0.8909090909090909,0.10909090909090913,0.10909090909090913,7.602742,2.7245061,-2.5798879,-4.005934,8.489572,-22.02338,2.3888721,1.1152667
p035,gender,val,female,female,18-25,white or caucasian,55,48,7,48,7,0.0,0.8727272727272727,0.8727272727272727,0.12727272727272732,0.12727272727272732,7.602742,2.7245061,-2.5798879,-4.005934,8.489572,-22.02338,2.3888721,1.1152667
p036,age,val,26-35,female,26-35,black or african american,59,22,37,22,37,0.0,0.3728813559322034,0.3728813559322034,0.6271186440677966,0.6271186440677966,2.894482,1.4375851,-0.007967244,-2.3260033,-19.990076,8.350548,-4.2266984,3.9256694
p036,ethnicity,val,black or african american,female,26-35,black or african american,59,27,32,27,32,0.0,0.4576271186440678,0.4576271186440678,0.5423728813559322,0.5423728813559322,2.894482,1.4375851,-0.007967244,-2.3260033,-19.990076,8.350548,-4.2266984,3.9256694
p036,gender,val,female,female,26-35,black or african american,59,45,14,45,14,0.7627118644067796,0.7627118644067796,0.7627118644067796,0.23728813559322037,0.23728813559322037,2.894482,1.4375851,-0.007967244,-2.3260033,-19.990076,8.350548,-4.2266984,3.9256694
p037,age,val,46-55,female,46-55,white or caucasian,53,30,23,30,23,0.018867924528301886,0.5660377358490566,0.5660377358490566,0.4339622641509434,0.4339622641509434,6.8821015,-0.58572876,-1.1819819,-4.095446,6.428722,-16.971594,1.9705477,0.98666644
p037,ethnicity,val,white or caucasian,female,46-55,white or caucasian,53,50,3,50,3,0.0,0.9433962264150944,0.9433962264150944,0.05660377358490565,0.05660377358490565,6.8821015,-0.58572876,-1.1819819,-4.095446,6.428722,-16.971594,1.9705477,0.98666644
p037,gender,val,female,female,46-55,white or caucasian,53,48,5,48,5,0.7735849056603774,0.9056603773584906,0.9056603773584906,0.09433962264150941,0.09433962264150941,6.8821015,-0.58572876,-1.1819819,-4.095446,6.428722,-16.971594,1.9705477,0.98666644
p038,age,val,26-35,male,26-35,hispanic or latino,53,13,40,13,40,0.0,0.24528301886792453,0.24528301886792453,0.7547169811320755,0.7547169811320755,-2.3941548,3.67611,4.852586,0.27487254,22.982697,6.729345,-0.73427916,-4.455006
p038,ethnicity,val,hispanic or latino,male,26-35,hispanic or latino,53,11,42,11,42,0.0,0.20754716981132076,0.20754716981132076,0.7924528301886793,0.7924528301886793,-2.3941548,3.67611,4.852586,0.27487254,22.982697,6.729345,-0.73427916,-4.455006
p038,gender,val,male,male,26-35,hispanic or latino,53,52,1,52,1,0.0,0.9811320754716981,0.9811320754716981,0.018867924528301883,0.018867924528301883,-2.3941548,3.67611,4.852586,0.27487254,22.982697,6.729345,-0.73427916,-4.455006
p039,age,val,26-35,male,26-35,white or caucasian,53,31,22,31,22,0.03773584905660377,0.5849056603773585,0.5849056603773585,0.41509433962264153,0.41509433962264153,-7.6234813,-2.7695143,4.7168508,6.498367,24.205505,2.523336,-0.56213427,-5.775343
p039,ethnicity,val,white or caucasian,male,26-35,white or caucasian,53,51,2,51,2,0.0,0.9622641509433962,0.9622641509433962,0.037735849056603765,0.037735849056603765,-7.6234813,-2.7695143,4.7168508,6.498367,24.205505,2.523336,-0.56213427,-5.775343
p039,gender,val,male,male,26-35,white or caucasian,53,50,3,50,3,0.03773584905660377,0.9433962264150944,0.9433962264150944,0.05660377358490565,0.05660377358490565,-7.6234813,-2.7695143,4.7168508,6.498367,24.205505,2.523336,-0.56213427,-5.775343
p040,age,val,18-25,male,18-25,white or caucasian,53,36,17,36,17,0.5849056603773585,0.6792452830188679,0.6792452830188679,0.3207547169811321,0.3207547169811321,-7.509662,5.6501603,5.7310295,0.9984472,17.16017,19.875044,-1.3485876,-4.042559
p040,ethnicity,val,white or caucasian,male,18-25,white or caucasian,53,51,2,51,2,0.0,0.9622641509433962,0.9622641509433962,0.037735849056603765,0.037735849056603765,-7.509662,5.6501603,5.7310295,0.9984472,17.16017,19.875044,-1.3485876,-4.042559
p040,gender,val,male,male,18-25,white or caucasian,53,53,0,53,0,0.0,1.0,1.0,0.0,0.0,-7.509662,5.6501603,5.7310295,0.9984472,17.16017,19.875044,-1.3485876,-4.042559
p041,age,val,18-25,female,18-25,black or african american,53,32,21,32,21,0.0,0.6037735849056604,0.6037735849056604,0.39622641509433965,0.39622641509433965,-2.361342,0.60569984,3.7621386,-1.5020032,-17.593243,9.4796915,-4.9814253,4.1486125
p041,ethnicity,val,black or african american,female,18-25,black or african american,53,46,7,46,7,0.0,0.8679245283018868,0.8679245283018868,0.13207547169811318,0.13207547169811318,-2.361342,0.60569984,3.7621386,-1.5020032,-17.593243,9.4796915,-4.9814253,4.1486125
p041,gender,val,female,female,18-25,black or african american,53,36,17,36,17,0.0,0.6792452830188679,0.6792452830188679,0.3207547169811321,0.3207547169811321,-2.361342,0.60569984,3.7621386,-1.5020032,-17.593243,9.4796915,-4.9814253,4.1486125
p042,age,val,18-25,male,18-25,hispanic or latino,53,20,33,20,33,0.03773584905660377,0.37735849056603776,0.37735849056603776,0.6226415094339622,0.6226415094339622,-7.8221135,-1.0057496,6.642255,4.866419,14.955787,9.2595215,-2.6304436,-4.9876447
p042,ethnicity,val,hispanic or latino,male,18-25,hispanic or latino,53,20,33,20,33,0.0,0.37735849056603776,0.37735849056603776,0.6226415094339622,0.6226415094339622,-7.8221135,-1.0057496,6.642255,4.866419,14.955787,9.2595215,-2.6304436,-4.9876447
p042,gender,val,male,male,18-25,hispanic or latino,53,52,1,52,1,0.03773584905660377,0.9811320754716981,0.9811320754716981,0.018867924528301883,0.018867924528301883,-7.8221135,-1.0057496,6.642255,4.866419,14.955787,9.2595215,-2.6304436,-4.9876447
p044,age,val,46-55,female,46-55,white or caucasian,59,28,31,28,31,0.03389830508474576,0.4745762711864407,0.4745762711864407,0.5254237288135593,0.5254237288135593,6.9693537,2.3219833,-1.9626194,-2.7535114,-1.5323175,-22.49493,2.1376338,2.0384593
p044,ethnicity,val,white or caucasian,female,46-55,white or caucasian,59,49,10,49,10,0.0,0.8305084745762712,0.8305084745762712,0.1694915254237288,0.1694915254237288,6.9693537,2.3219833,-1.9626194,-2.7535114,-1.5323175,-22.49493,2.1376338,2.0384593
p044,gender,val,female,female,46-55,white or caucasian,59,54,5,54,5,0.0,0.9152542372881356,0.9152542372881356,0.0847457627118644,0.0847457627118644,6.9693537,2.3219833,-1.9626194,-2.7535114,-1.5323175,-22.49493,2.1376338,2.0384593
p045,age,val,18-25,female,18-25,black or african american,55,24,31,24,31,0.43636363636363634,0.43636363636363634,0.43636363636363634,0.5636363636363637,0.5636363636363637,0.1913334,-4.8686614,2.398124,-1.539173,-29.41708,6.9775567,-4.853663,4.858729
p045,ethnicity,val,black or african american,female,18-25,black or african american,55,46,9,46,9,0.0,0.8363636363636363,0.8363636363636363,0.1636363636363637,0.1636363636363637,0.1913334,-4.8686614,2.398124,-1.539173,-29.41708,6.9775567,-4.853663,4.858729
p045,gender,val,female,female,18-25,black or african american,55,48,7,48,7,0.0,0.8727272727272727,0.8727272727272727,0.12727272727272732,0.12727272727272732,0.1913334,-4.8686614,2.398124,-1.539173,-29.41708,6.9775567,-4.853663,4.858729
p046,age,val,26-35,male,26-35,white or caucasian,54,21,33,21,33,0.0,0.3888888888888889,0.3888888888888889,0.6111111111111112,0.6111111111111112,-9.269161,2.1829982,5.6498904,2.555379,19.870066,9.695892,-0.79440856,-4.936791
p046,ethnicity,val,white or caucasian,male,26-35,white or caucasian,54,53,1,53,1,0.0,0.9814814814814815,0.9814814814814815,0.01851851851851849,0.01851851851851849,-9.269161,2.1829982,5.6498904,2.555379,19.870066,9.695892,-0.79440856,-4.936791
p046,gender,val,male,male,26-35,white or caucasian,54,53,1,53,1,0.0,0.9814814814814815,0.9814814814814815,0.01851851851851849,0.01851851851851849,-9.269161,2.1829982,5.6498904,2.555379,19.870066,9.695892,-0.79440856,-4.936791
p047,age,val,56-65,female,56-65,white or caucasian,51,7,44,7,44,0.0,0.13725490196078433,0.13725490196078433,0.8627450980392157,0.8627450980392157,4.2147713,3.3869202,-1.7712646,-0.73923284,-25.932203,8.719102,-4.006863,3.188264
p047,ethnicity,val,white or caucasian,female,56-65,white or caucasian,51,47,4,47,4,0.0,0.9215686274509803,0.9215686274509803,0.07843137254901966,0.07843137254901966,4.2147713,3.3869202,-1.7712646,-0.73923284,-25.932203,8.719102,-4.006863,3.188264
p047,gender,val,female,female,56-65,white or caucasian,51,42,9,42,9,0.0,0.8235294117647058,0.8235294117647058,0.17647058823529416,0.17647058823529416,4.2147713,3.3869202,-1.7712646,-0.73923284,-25.932203,8.719102,-4.006863,3.188264
p048,age,val,56-65,female,56-65,white or caucasian,52,20,32,20,32,0.0,0.38461538461538464,0.38461538461538464,0.6153846153846154,0.6153846153846154,6.0391946,-0.7884187,-2.2378342,-1.8494221,-19.969833,3.5845783,-3.0608866,2.833947
p048,ethnicity,val,white or caucasian,female,56-65,white or caucasian,52,52,0,52,0,0.9807692307692307,1.0,1.0,0.0,0.0,6.0391946,-0.7884187,-2.2378342,-1.8494221,-19.969833,3.5845783,-3.0608866,2.833947
p048,gender,val,female,female,56-65,white or caucasian,52,43,9,43,9,0.0,0.8269230769230769,0.8269230769230769,0.17307692307692313,0.17307692307692313,6.0391946,-0.7884187,-2.2378342,-1.8494221,-19.969833,3.5845783,-3.0608866,2.833947
p049,age,val,36-45,male,36-45,white or caucasian,54,28,26,28,26,0.018518518518518517,0.5185185185185185,0.5185185185185185,0.4814814814814815,0.4814814814814815,-7.3069234,-4.1243305,4.1145477,3.4576983,32.433975,-7.7937393,-0.39440745,-6.954561
p049,ethnicity,val,white or caucasian,male,36-45,white or caucasian,54,52,2,52,2,0.0,0.9629629629629629,0.9629629629629629,0.03703703703703709,0.03703703703703709,-7.3069234,-4.1243305,4.1145477,3.4576983,32.433975,-7.7937393,-0.39440745,-6.954561
p049,gender,val,male,male,36-45,white or caucasian,54,54,0,54,0,0.0,1.0,1.0,0.0,0.0,-7.3069234,-4.1243305,4.1145477,3.4576983,32.433975,-7.7937393,-0.39440745,-6.954561
p050,age,val,56-65,female,56-65,white or caucasian,54,25,29,25,29,0.018518518518518517,0.46296296296296297,0.46296296296296297,0.537037037037037,0.537037037037037,3.6975,-4.4826555,0.58074766,-4.0270686,-21.403938,5.8850794,-3.5631604,3.4991205
p050,ethnicity,val,white or caucasian,female,56-65,white or caucasian,54,54,0,54,0,0.0,1.0,1.0,0.0,0.0,3.6975,-4.4826555,0.58074766,-4.0270686,-21.403938,5.8850794,-3.5631604,3.4991205
p050,gender,val,female,female,56-65,white or caucasian,54,45,9,45,9,0.0,0.8333333333333334,0.8333333333333334,0.16666666666666663,0.16666666666666663,3.6975,-4.4826555,0.58074766,-4.0270686,-21.403938,5.8850794,-3.5631604,3.4991205
p051,age,val,46-55,female,46-55,white or caucasian,59,45,14,45,14,0.05084745762711865,0.7627118644067796,0.7627118644067796,0.23728813559322037,0.23728813559322037,7.55295,-1.4444242,-4.5063515,-2.43196,-6.1812863,-25.649105,2.8517218,2.8777158
p051,ethnicity,val,white or caucasian,female,46-55,white or caucasian,59,58,1,58,1,0.9830508474576272,0.9830508474576272,0.9830508474576272,0.016949152542372836,0.016949152542372836,7.55295,-1.4444242,-4.5063515,-2.43196,-6.1812863,-25.649105,2.8517218,2.8777158
p051,gender,val,female,female,46-55,white or caucasian,59,58,1,58,1,0.0,0.9830508474576272,0.9830508474576272,0.016949152542372836,0.016949152542372836,7.55295,-1.4444242,-4.5063515,-2.43196,-6.1812863,-25.649105,2.8517218,2.8777158
p052,age,val,18-25,female,18-25,black or african american,54,39,15,39,15,0.018518518518518517,0.7222222222222222,0.7222222222222222,0.2777777777777778,0.2777777777777778,5.2707386,-0.47062573,-1.2345221,-3.633513,-1.2376764,-12.695318,1.3239832,2.0808842
p052,ethnicity,val,black or african american,female,18-25,black or african american,54,26,28,26,28,0.0,0.48148148148148145,0.48148148148148145,0.5185185185185186,0.5185185185185186,5.2707386,-0.47062573,-1.2345221,-3.633513,-1.2376764,-12.695318,1.3239832,2.0808842
p052,gender,val,female,female,18-25,black or african american,54,49,5,49,5,0.0,0.9074074074074074,0.9074074074074074,0.09259259259259256,0.09259259259259256,5.2707386,-0.47062573,-1.2345221,-3.633513,-1.2376764,-12.695318,1.3239832,2.0808842
p053,age,val,18-25,female,18-25,white or caucasian,57,23,34,23,34,0.3333333333333333,0.40350877192982454,0.40350877192982454,0.5964912280701755,0.5964912280701755,6.3238325,-3.1942377,-1.2861981,-4.60489,-24.828943,-3.1971068,-3.2902598,4.910696
p053,ethnicity,val,white or caucasian,female,18-25,white or caucasian,57,41,16,41,16,0.0,0.7192982456140351,0.7192982456140351,0.2807017543859649,0.2807017543859649,6.3238325,-3.1942377,-1.2861981,-4.60489,-24.828943,-3.1971068,-3.2902598,4.910696
p053,gender,val,female,female,18-25,white or caucasian,57,54,3,54,3,0.0,0.9473684210526315,0.9473684210526315,0.052631578947368474,0.052631578947368474,6.3238325,-3.1942377,-1.2861981,-4.60489,-24.828943,-3.1971068,-3.2902598,4.910696
p054,age,val,46-55,male,46-55,white or caucasian,51,36,15,36,15,0.0,0.7058823529411765,0.7058823529411765,0.2941176470588235,0.2941176470588235,-8.947127,-3.359488,3.4389143,5.0066423,7.5964184,24.066956,-2.8220642,-2.4042084
p054,ethnicity,val,white or caucasian,male,46-55,white or caucasian,51,45,6,45,6,0.0,0.8823529411764706,0.8823529411764706,0.11764705882352944,0.11764705882352944,-8.947127,-3.359488,3.4389143,5.0066423,7.5964184,24.066956,-2.8220642,-2.4042084
p054,gender,val,male,male,46-55,white or caucasian,51,49,2,49,2,0.0,0.9607843137254902,0.9607843137254902,0.039215686274509776,0.039215686274509776,-8.947127,-3.359488,3.4389143,5.0066423,7.5964184,24.066956,-2.8220642,-2.4042084
p055,age,val,46-55,female,46-55,white or caucasian,51,37,14,37,14,0.7254901960784313,0.7254901960784313,0.7254901960784313,0.27450980392156865,0.27450980392156865,6.015639,1.3129728,-0.45932823,-3.1002963,-10.381399,-4.6866307,-1.3069474,3.107492
p055,ethnicity,val,white or caucasian,female,46-55,white or caucasian,51,51,0,51,0,0.0,1.0,1.0,0.0,0.0,6.015639,1.3129728,-0.45932823,-3.1002963,-10.381399,-4.6866307,-1.3069474,3.107492
p055,gender,val,female,female,46-55,white or caucasian,51,45,6,45,6,0.0,0.8823529411764706,0.8823529411764706,0.11764705882352944,0.11764705882352944,6.015639,1.3129728,-0.45932823,-3.1002963,-10.381399,-4.6866307,-1.3069474,3.107492
p056,age,val,18-25,female,18-25,white or caucasian,56,24,32,24,32,0.0,0.42857142857142855,0.42857142857142855,0.5714285714285714,0.5714285714285714,6.4659834,0.13606791,-1.7880279,-3.9603999,-6.997811,-10.148941,0.40776289,2.5679321
p056,ethnicity,val,white or caucasian,female,18-25,white or caucasian,56,47,9,47,9,0.0,0.8392857142857143,0.8392857142857143,0.1607142857142857,0.1607142857142857,6.4659834,0.13606791,-1.7880279,-3.9603999,-6.997811,-10.148941,0.40776289,2.5679321
p056,gender,val,female,female,18-25,white or caucasian,56,47,9,47,9,0.0,0.8392857142857143,0.8392857142857143,0.1607142857142857,0.1607142857142857,6.4659834,0.13606791,-1.7880279,-3.9603999,-6.997811,-10.148941,0.40776289,2.5679321
p057,age,val,18-25,male,18-25,white or caucasian,52,19,33,19,33,0.0,0.36538461538461536,0.36538461538461536,0.6346153846153846,0.6346153846153846,-8.153705,1.2813267,4.5814285,1.5822953,18.071259,11.96466,-2.0732954,-4.226353
p057,ethnicity,val,white or caucasian,male,18-25,white or caucasian,52,50,2,50,2,0.0,0.9615384615384616,0.9615384615384616,0.038461538461538436,0.038461538461538436,-8.153705,1.2813267,4.5814285,1.5822953,18.071259,11.96466,-2.0732954,-4.226353
p057,gender,val,male,male,18-25,white or caucasian,52,51,1,51,1,0.0,0.9807692307692307,0.9807692307692307,0.019230769230769273,0.019230769230769273,-8.153705,1.2813267,4.5814285,1.5822953,18.071259,11.96466,-2.0732954,-4.226353
p058,age,val,26-35,female,26-35,white or caucasian,54,38,16,38,16,0.05555555555555555,0.7037037037037037,0.7037037037037037,0.2962962962962963,0.2962962962962963,9.536227,-0.32443622,-3.029402,-4.585633,-8.212179,-23.691242,1.9051882,2.913897
p058,ethnicity,val,white or caucasian,female,26-35,white or caucasian,54,47,7,47,7,0.0,0.8703703703703703,0.8703703703703703,0.12962962962962965,0.12962962962962965,9.536227,-0.32443622,-3.029402,-4.585633,-8.212179,-23.691242,1.9051882,2.913897
p058,gender,val,female,female,26-35,white or caucasian,54,52,2,52,2,0.0,0.9629629629629629,0.9629629629629629,0.03703703703703709,0.03703703703703709,9.536227,-0.32443622,-3.029402,-4.585633,-8.212179,-23.691242,1.9051882,2.913897
p059,age,val,26-35,female,26-35,white or caucasian,61,18,43,18,43,0.29508196721311475,0.29508196721311475,0.29508196721311475,0.7049180327868853,0.7049180327868853,9.291415,1.5788041,-2.686191,-3.2493913,-13.842567,-9.000617,-0.6510922,3.0635111
p059,ethnicity,val,white or caucasian,female,26-35,white or caucasian,61,61,0,61,0,0.0,1.0,1.0,0.0,0.0,9.291415,1.5788041,-2.686191,-3.2493913,-13.842567,-9.000617,-0.6510922,3.0635111
p059,gender,val,female,female,26-35,white or caucasian,61,56,5,56,5,0.0,0.9180327868852459,0.9180327868852459,0.08196721311475408,0.08196721311475408,9.291415,1.5788041,-2.686191,-3.2493913,-13.842567,-9.000617,-0.6510922,3.0635111
p060,age,val,26-35,male,26-35,hispanic or latino,51,5,46,5,46,0.0,0.09803921568627451,0.09803921568627451,0.9019607843137255,0.9019607843137255,-5.954725,7.977596,5.841512,0.68083996,24.189676,-1.2797372,0.23216008,-4.93968
p060,ethnicity,val,hispanic or latino,male,26-35,hispanic or latino,51,18,33,18,33,0.0,0.35294117647058826,0.35294117647058826,0.6470588235294117,0.6470588235294117,-5.954725,7.977596,5.841512,0.68083996,24.189676,-1.2797372,0.23216008,-4.93968
p060,gender,val,male,male,26-35,hispanic or latino,51,50,1,50,1,0.0,0.9803921568627451,0.9803921568627451,0.019607843137254943,0.019607843137254943,-5.954725,7.977596,5.841512,0.68083996,24.189676,-1.2797372,0.23216008,-4.93968
p061,age,val,56-65,female,56-65,white or caucasian,51,13,38,13,38,0.0,0.2549019607843137,0.2549019607843137,0.7450980392156863,0.7450980392156863,5.3999224,2.3108048,-0.8099222,-1.9209135,-10.020536,1.6001495,-2.1183593,1.9434407
p061,ethnicity,val,white or caucasian,female,56-65,white or caucasian,51,50,1,50,1,0.0,0.9803921568627451,0.9803921568627451,0.019607843137254943,0.019607843137254943,5.3999224,2.3108048,-0.8099222,-1.9209135,-10.020536,1.6001495,-2.1183593,1.9434407
p061,gender,val,female,female,56-65,white or caucasian,51,37,14,37,14,0.0,0.7254901960784313,0.7254901960784313,0.27450980392156865,0.27450980392156865,5.3999224,2.3108048,-0.8099222,-1.9209135,-10.020536,1.6001495,-2.1183593,1.9434407
p062,age,val,18-25,female,18-25,hispanic or latino,50,23,27,23,27,0.46,0.46,0.46,0.54,0.54,8.340647,4.284487,-3.945303,-4.9343233,-6.502568,-15.907482,1.478933,3.196345
p062,ethnicity,val,hispanic or latino,female,18-25,hispanic or latino,50,21,29,21,29,0.0,0.42,0.42,0.5800000000000001,0.5800000000000001,8.340647,4.284487,-3.945303,-4.9343233,-6.502568,-15.907482,1.478933,3.196345
p062,gender,val,female,female,18-25,hispanic or latino,50,47,3,47,3,0.0,0.94,0.94,0.06000000000000005,0.06000000000000005,8.340647,4.284487,-3.945303,-4.9343233,-6.502568,-15.907482,1.478933,3.196345
p063,age,val,36-45,female,36-45,white or caucasian,54,27,27,27,27,0.0,0.5,0.5,0.5,0.5,6.67549,-1.2008462,-4.3107276,-1.3397554,-8.932949,-6.1875477,-0.42996517,2.4028504
p063,ethnicity,val,white or caucasian,female,36-45,white or caucasian,54,53,1,53,1,0.0,0.9814814814814815,0.9814814814814815,0.01851851851851849,0.01851851851851849,6.67549,-1.2008462,-4.3107276,-1.3397554,-8.932949,-6.1875477,-0.42996517,2.4028504
p063,gender,val,female,female,36-45,white or caucasian,54,46,8,46,8,0.0,0.8518518518518519,0.8518518518518519,0.14814814814814814,0.14814814814814814,6.67549,-1.2008462,-4.3107276,-1.3397554,-8.932949,-6.1875477,-0.42996517,2.4028504
p064,age,val,36-45,female,36-45,white or caucasian,53,4,49,4,49,0.05660377358490566,0.07547169811320754,0.07547169811320754,0.9245283018867925,0.9245283018867925,0.40206614,1.1425363,0.24119942,-0.33563992,-10.144918,13.860444,-3.297048,0.99686354
p064,ethnicity,val,white or caucasian,female,36-45,white or caucasian,53,50,3,50,3,0.0,0.9433962264150944,0.9433962264150944,0.05660377358490565,0.05660377358490565,0.40206614,1.1425363,0.24119942,-0.33563992,-10.144918,13.860444,-3.297048,0.99686354
p064,gender,val,female,female,36-45,white or caucasian,53,16,37,16,37,0.0,0.3018867924528302,0.3018867924528302,0.6981132075471699,0.6981132075471699,0.40206614,1.1425363,0.24119942,-0.33563992,-10.144918,13.860444,-3.297048,0.99686354
p065,age,val,56-65,male,56-65,white or caucasian,54,34,20,34,20,0.6296296296296297,0.6296296296296297,0.6296296296296297,0.37037037037037035,0.37037037037037035,-5.493576,-2.6230028,3.9526052,3.9152734,-4.640977,20.596455,-3.9370368,-0.9465733
p065,ethnicity,val,white or caucasian,male,56-65,white or caucasian,54,54,0,54,0,0.0,1.0,1.0,0.0,0.0,-5.493576,-2.6230028,3.9526052,3.9152734,-4.640977,20.596455,-3.9370368,-0.9465733
p065,gender,val,male,male,56-65,white or caucasian,54,51,3,51,3,0.0,0.9444444444444444,0.9444444444444444,0.05555555555555558,0.05555555555555558,-5.493576,-2.6230028,3.9526052,3.9152734,-4.640977,20.596455,-3.9370368,-0.9465733
p066,age,val,46-55,female,46-55,white or caucasian,54,44,10,44,10,0.037037037037037035,0.8148148148148148,0.8148148148148148,0.18518518518518523,0.18518518518518523,7.0360847,-3.3229012,0.8376736,-5.1093493,-0.4150468,-20.218328,3.2617874,2.7619312
p066,ethnicity,val,white or caucasian,female,46-55,white or caucasian,54,51,3,51,3,0.0,0.9444444444444444,0.9444444444444444,0.05555555555555558,0.05555555555555558,7.0360847,-3.3229012,0.8376736,-5.1093493,-0.4150468,-20.218328,3.2617874,2.7619312
p066,gender,val,female,female,46-55,white or caucasian,54,51,3,51,3,0.0,0.9444444444444444,0.9444444444444444,0.05555555555555558,0.05555555555555558,7.0360847,-3.3229012,0.8376736,-5.1093493,-0.4150468,-20.218328,3.2617874,2.7619312
p067,age,test,18-25,female,18-25,asian,256,86,170,86,170,0.328125,0.3359375,0.3359375,0.6640625,0.6640625,6.9860506,1.6713766,-1.1579758,-6.227714,0.004697238,-22.479448,2.8759208,2.0051057
p067,ethnicity,test,asian,female,18-25,asian,256,208,48,208,48,0.0,0.8125,0.8125,0.1875,0.1875,6.9860506,1.6713766,-1.1579758,-6.227714,0.004697238,-22.479448,2.8759208,2.0051057
p067,gender,test,female,female,18-25,asian,256,237,19,237,19,0.0,0.92578125,0.92578125,0.07421875,0.07421875,6.9860506,1.6713766,-1.1579758,-6.227714,0.004697238,-22.479448,2.8759208,2.0051057
p068,age,val,18-25,female,18-25,hispanic or latino,51,37,14,37,14,0.6470588235294118,0.7254901960784313,0.7254901960784313,0.27450980392156865,0.27450980392156865,10.138265,-0.69161814,-2.1684778,-5.3567615,-6.8477187,-26.563486,2.2815237,3.0335433
p068,ethnicity,val,hispanic or latino,female,18-25,hispanic or latino,51,5,46,5,46,0.09803921568627451,0.09803921568627451,0.09803921568627451,0.9019607843137255,0.9019607843137255,10.138265,-0.69161814,-2.1684778,-5.3567615,-6.8477187,-26.563486,2.2815237,3.0335433
p068,gender,val,female,female,18-25,hispanic or latino,51,50,1,50,1,0.0,0.9803921568627451,0.9803921568627451,0.019607843137254943,0.019607843137254943,10.138265,-0.69161814,-2.1684778,-5.3567615,-6.8477187,-26.563486,2.2815237,3.0335433
p069,age,val,46-55,female,46-55,white or caucasian,55,32,23,32,23,0.01818181818181818,0.5818181818181818,0.5818181818181818,0.4181818181818182,0.4181818181818182,4.669432,0.9243526,-0.7256673,-2.4990635,-13.614804,2.162476,-2.3389337,2.4895506
p069,ethnicity,val,white or caucasian,female,46-55,white or caucasian,55,47,8,47,8,0.0,0.8545454545454545,0.8545454545454545,0.1454545454545455,0.1454545454545455,4.669432,0.9243526,-0.7256673,-2.4990635,-13.614804,2.162476,-2.3389337,2.4895506
p069,gender,val,female,female,46-55,white or caucasian,55,43,12,43,12,0.0,0.7818181818181819,0.7818181818181819,0.21818181818181814,0.21818181818181814,4.669432,0.9243526,-0.7256673,-2.4990635,-13.614804,2.162476,-2.3389337,2.4895506
p070,age,val,36-45,female,36-45,white or caucasian,59,8,51,8,51,0.03389830508474576,0.13559322033898305,0.13559322033898305,0.864406779661017,0.864406779661017,4.7446733,-3.3670268,0.33777192,-4.0862103,-1.7488564,-12.247559,0.772566,1.2815748
p070,ethnicity,val,white or caucasian,female,36-45,white or caucasian,59,56,3,56,3,0.0,0.9491525423728814,0.9491525423728814,0.05084745762711862,0.05084745762711862,4.7446733,-3.3670268,0.33777192,-4.0862103,-1.7488564,-12.247559,0.772566,1.2815748
p070,gender,val,female,female,36-45,white or caucasian,59,51,8,51,8,0.0,0.864406779661017,0.864406779661017,0.13559322033898302,0.13559322033898302,4.7446733,-3.3670268,0.33777192,-4.0862103,-1.7488564,-12.247559,0.772566,1.2815748
p071,age,val,18-25,male,18-25,black or african american,56,50,6,50,6,0.875,0.8928571428571429,0.8928571428571429,0.1071428571428571,0.1071428571428571,-4.556667,3.2532501,5.455919,0.9544877,-8.371444,19.480314,-4.015589,0.2600351
p071,ethnicity,val,black or african american,male,18-25,black or african american,56,16,40,16,40,0.0,0.2857142857142857,0.2857142857142857,0.7142857142857143,0.7142857142857143,-4.556667,3.2532501,5.455919,0.9544877,-8.371444,19.480314,-4.015589,0.2600351
p071,gender,val,male,male,18-25,black or african american,56,53,3,53,3,0.0,0.9464285714285714,0.9464285714285714,0.0535714285714286,0.0535714285714286,-4.556667,3.2532501,5.455919,0.9544877,-8.371444,19.480314,-4.015589,0.2600351
p072,age,val,,prefer not to answer,prefer not to answer,prefer not to answer,54,0,54,0,54,0.0,0.0,0.0,1.0,1.0,8.193931,0.53250015,-2.8961055,-3.5122337,-1.7070926,-24.97184,2.1750147,2.2507913
p072,ethnicity,val,prefer not to answer,prefer not to answer,prefer not to answer,prefer not to answer,54,0,54,0,54,0.0,0.0,0.0,1.0,1.0,8.193931,0.53250015,-2.8961055,-3.5122337,-1.7070926,-24.97184,2.1750147,2.2507913
p072,gender,val,,prefer not to answer,prefer not to answer,prefer not to answer,54,0,54,0,54,0.0,0.0,0.0,1.0,1.0,8.193931,0.53250015,-2.8961055,-3.5122337,-1.7070926,-24.97184,2.1750147,2.2507913
p073,age,val,18-25,female,18-25,black or african american,55,16,39,16,39,0.2909090909090909,0.2909090909090909,0.2909090909090909,0.7090909090909091,0.7090909090909091,-3.3840766,7.0576887,6.4397364,0.43711796,7.8663163,-3.9327395,0.28493404,-2.5592246
p073,ethnicity,val,black or african american,female,18-25,black or african american,55,37,18,37,18,0.0,0.6727272727272727,0.6727272727272727,0.32727272727272727,0.32727272727272727,-3.3840766,7.0576887,6.4397364,0.43711796,7.8663163,-3.9327395,0.28493404,-2.5592246
p073,gender,val,female,female,18-25,black or african american,55,24,31,24,31,0.0,0.43636363636363634,0.43636363636363634,0.5636363636363637,0.5636363636363637,-3.3840766,7.0576887,6.4397364,0.43711796,7.8663163,-3.9327395,0.28493404,-2.5592246
p074,age,val,18-25,male,18-25,white or caucasian,54,27,27,27,27,0.42592592592592593,0.5,0.5,0.5,0.5,-7.86575,8.842149,7.9931865,1.4716817,40.932167,-3.85939,0.8602814,-6.1820397
p074,ethnicity,val,white or caucasian,male,18-25,white or caucasian,54,48,6,48,6,0.0,0.8888888888888888,0.8888888888888888,0.11111111111111116,0.11111111111111116,-7.86575,8.842149,7.9931865,1.4716817,40.932167,-3.85939,0.8602814,-6.1820397
p074,gender,val,male,male,18-25,white or caucasian,54,54,0,54,0,0.0,1.0,1.0,0.0,0.0,-7.86575,8.842149,7.9931865,1.4716817,40.932167,-3.85939,0.8602814,-6.1820397
p075,age,val,18-25,female,18-25,black or african american,51,29,22,29,22,0.5490196078431373,0.5686274509803921,0.5686274509803921,0.43137254901960786,0.43137254901960786,-1.3930929,-4.1585226,2.64467,-1.4066509,-22.55202,3.013929,-4.9463906,4.370333
p075,ethnicity,val,black or african american,female,18-25,black or african american,51,44,7,44,7,0.0,0.8627450980392157,0.8627450980392157,0.13725490196078427,0.13725490196078427,-1.3930929,-4.1585226,2.64467,-1.4066509,-22.55202,3.013929,-4.9463906,4.370333
p075,gender,val,female,female,18-25,black or african american,51,42,9,42,9,0.803921568627451,0.8235294117647058,0.8235294117647058,0.17647058823529416,0.17647058823529416,-1.3930929,-4.1585226,2.64467,-1.4066509,-22.55202,3.013929,-4.9463906,4.370333
p076,age,val,26-35,male,26-35,white or caucasian,51,23,28,23,28,0.43137254901960786,0.45098039215686275,0.45098039215686275,0.5490196078431373,0.5490196078431373,-7.64431,-3.6268015,3.2637553,2.1137693,12.178879,15.971266,-2.8749998,-3.7696908
p076,ethnicity,val,white or caucasian,male,26-35,white or caucasian,51,50,1,50,1,0.0,0.9803921568627451,0.9803921568627451,0.019607843137254943,0.019607843137254943,-7.64431,-3.6268015,3.2637553,2.1137693,12.178879,15.971266,-2.8749998,-3.7696908
p076,gender,val,male,male,26-35,white or caucasian,51,49,2,49,2,0.0,0.9607843137254902,0.9607843137254902,0.039215686274509776,0.039215686274509776,-7.64431,-3.6268015,3.2637553,2.1137693,12.178879,15.971266,-2.8749998,-3.7696908
p077,age,val,46-55,male,46-55,white or caucasian,54,3,51,3,51,0.0,0.05555555555555555,0.05555555555555555,0.9444444444444444,0.9444444444444444,-8.146787,-4.8413386,4.1567965,5.273587,4.859117,19.295212,-2.951221,-2.1055698
p077,ethnicity,val,white or caucasian,male,46-55,white or caucasian,54,53,1,53,1,0.7592592592592593,0.9814814814814815,0.9814814814814815,0.01851851851851849,0.01851851851851849,-8.146787,-4.8413386,4.1567965,5.273587,4.859117,19.295212,-2.951221,-2.1055698
p077,gender,val,male,male,46-55,white or caucasian,54,52,2,52,2,0.0,0.9629629629629629,0.9629629629629629,0.03703703703703709,0.03703703703703709,-8.146787,-4.8413386,4.1567965,5.273587,4.859117,19.295212,-2.951221,-2.1055698
p078,age,val,18-25,prefer not to answer,18-25,white or caucasian,51,36,15,36,15,0.0,0.7058823529411765,0.7058823529411765,0.2941176470588235,0.2941176470588235,8.746946,-1.793888,-2.5846624,-4.951958,-40.11548,4.065705,-3.9176924,5.914252
p078,ethnicity,val,white or caucasian,prefer not to answer,18-25,white or caucasian,51,48,3,48,3,0.0,0.9411764705882353,0.9411764705882353,0.05882352941176472,0.05882352941176472,8.746946,-1.793888,-2.5846624,-4.951958,-40.11548,4.065705,-3.9176924,5.914252
p078,gender,val,,prefer not to answer,18-25,white or caucasian,51,0,51,0,51,0.0,0.0,0.0,1.0,1.0,8.746946,-1.793888,-2.5846624,-4.951958,-40.11548,4.065705,-3.9176924,5.914252
p079,age,val,46-55,female,46-55,white or caucasian,58,38,20,38,20,0.6551724137931034,0.6551724137931034,0.6551724137931034,0.3448275862068966,0.3448275862068966,6.5313745,1.0511703,-2.8398247,-0.56281966,-26.206558,0.51303816,-3.1674476,3.798612
p079,ethnicity,val,white or caucasian,female,46-55,white or caucasian,58,58,0,58,0,0.0,1.0,1.0,0.0,0.0,6.5313745,1.0511703,-2.8398247,-0.56281966,-26.206558,0.51303816,-3.1674476,3.798612
p079,gender,val,female,female,46-55,white or caucasian,58,51,7,51,7,0.0,0.8793103448275862,0.8793103448275862,0.12068965517241381,0.12068965517241381,6.5313745,1.0511703,-2.8398247,-0.56281966,-26.206558,0.51303816,-3.1674476,3.798612
p080,age,val,26-35,female,26-35,black or african american,55,19,36,19,36,0.3090909090909091,0.34545454545454546,0.34545454545454546,0.6545454545454545,0.6545454545454545,2.7538767,-5.4080963,2.2434251,-2.2410796,3.9693184,-18.293894,2.7007465,1.4510787
p080,ethnicity,val,black or african american,female,26-35,black or african american,55,49,6,49,6,0.0,0.8909090909090909,0.8909090909090909,0.10909090909090913,0.10909090909090913,2.7538767,-5.4080963,2.2434251,-2.2410796,3.9693184,-18.293894,2.7007465,1.4510787
p080,gender,val,female,female,26-35,black or african american,55,51,4,51,4,0.0,0.9272727272727272,0.9272727272727272,0.07272727272727275,0.07272727272727275,2.7538767,-5.4080963,2.2434251,-2.2410796,3.9693184,-18.293894,2.7007465,1.4510787
p081,age,val,18-25,male,18-25,white or caucasian,51,26,25,26,25,0.0784313725490196,0.5098039215686274,0.5098039215686274,0.4901960784313726,0.4901960784313726,-5.423897,0.9999963,4.7493954,2.0966156,4.7947984,7.9486995,-3.9475589,-4.3395467
p081,ethnicity,val,white or caucasian,male,18-25,white or caucasian,51,51,0,51,0,0.0,1.0,1.0,0.0,0.0,-5.423897,0.9999963,4.7493954,2.0966156,4.7947984,7.9486995,-3.9475589,-4.3395467
p081,gender,val,male,male,18-25,white or caucasian,51,46,5,46,5,0.0,0.9019607843137255,0.9019607843137255,0.0980392156862745,0.0980392156862745,-5.423897,0.9999963,4.7493954,2.0966156,4.7947984,7.9486995,-3.9475589,-4.3395467
p082,age,val,26-35,female,26-35,black or african american,51,18,33,18,33,0.0196078431372549,0.35294117647058826,0.35294117647058826,0.6470588235294117,0.6470588235294117,7.4977255,1.2812496,-1.556528,-3.0225203,-3.8704212,-15.781595,1.3462621,2.2029204
p082,ethnicity,val,black or african american,female,26-35,black or african american,51,20,31,20,31,0.39215686274509803,0.39215686274509803,0.39215686274509803,0.607843137254902,0.607843137254902,7.4977255,1.2812496,-1.556528,-3.0225203,-3.8704212,-15.781595,1.3462621,2.2029204
p082,gender,val,female,female,26-35,black or african american,51,47,4,47,4,0.0,0.9215686274509803,0.9215686274509803,0.07843137254901966,0.07843137254901966,7.4977255,1.2812496,-1.556528,-3.0225203,-3.8704212,-15.781595,1.3462621,2.2029204
p083,age,test,26-35,female,26-35,black or african american,304,154,150,154,150,0.0,0.506578947368421,0.506578947368421,0.493421052631579,0.493421052631579,2.4357965,-1.0592874,-1.050116,-0.21509294,-18.239603,2.7123036,-3.9001484,3.9773097
p083,ethnicity,test,black or african american,female,26-35,black or african american,304,210,94,210,94,0.0,0.6907894736842105,0.6907894736842105,0.3092105263157895,0.3092105263157895,2.4357965,-1.0592874,-1.050116,-0.21509294,-18.239603,2.7123036,-3.9001484,3.9773097
p083,gender,test,female,female,26-35,black or african american,304,253,51,253,51,0.0,0.8322368421052632,0.8322368421052632,0.16776315789473684,0.16776315789473684,2.4357965,-1.0592874,-1.050116,-0.21509294,-18.239603,2.7123036,-3.9001484,3.9773097
p084,age,val,66-75,female,66-75,white or caucasian,51,0,51,0,51,0.0,0.0,0.0,1.0,1.0,1.8964394,-2.0424824,0.8711022,0.047387116,23.090294,-13.531038,2.0498838,-1.2933545
p084,ethnicity,val,white or caucasian,female,66-75,white or caucasian,51,50,1,50,1,0.0,0.9803921568627451,0.9803921568627451,0.019607843137254943,0.019607843137254943,1.8964394,-2.0424824,0.8711022,0.047387116,23.090294,-13.531038,2.0498838,-1.2933545
p084,gender,val,female,female,66-75,white or caucasian,51,33,18,33,18,0.6470588235294118,0.6470588235294118,0.6470588235294118,0.3529411764705882,0.3529411764705882,1.8964394,-2.0424824,0.8711022,0.047387116,23.090294,-13.531038,2.0498838,-1.2933545
p085,age,val,26-35,male,26-35,white or caucasian,53,19,34,19,34,0.0,0.3584905660377358,0.3584905660377358,0.6415094339622642,0.6415094339622642,-7.844523,0.7978917,6.05994,3.0295684,18.217012,4.8603954,-0.77822316,-5.328092
p085,ethnicity,val,white or caucasian,male,26-35,white or caucasian,53,51,2,51,2,0.0,0.9622641509433962,0.9622641509433962,0.037735849056603765,0.037735849056603765,-7.844523,0.7978917,6.05994,3.0295684,18.217012,4.8603954,-0.77822316,-5.328092
p085,gender,val,male,male,26-35,white or caucasian,53,53,0,53,0,0.0,1.0,1.0,0.0,0.0,-7.844523,0.7978917,6.05994,3.0295684,18.217012,4.8603954,-0.77822316,-5.328092
p086,age,val,18-25,male,18-25,white or caucasian,55,26,29,26,29,0.09090909090909091,0.4727272727272727,0.4727272727272727,0.5272727272727273,0.5272727272727273,-5.9659204,-3.125881,3.397676,2.168769,2.6393008,17.086582,-3.607773,-3.4885721
p086,ethnicity,val,white or caucasian,male,18-25,white or caucasian,55,53,2,53,2,0.0,0.9636363636363636,0.9636363636363636,0.036363636363636376,0.036363636363636376,-5.9659204,-3.125881,3.397676,2.168769,2.6393008,17.086582,-3.607773,-3.4885721
p086,gender,val,male,male,18-25,white or caucasian,55,55,0,55,0,0.0,1.0,1.0,0.0,0.0,-5.9659204,-3.125881,3.397676,2.168769,2.6393008,17.086582,-3.607773,-3.4885721
p087,age,val,56-65,male,56-65,white or caucasian,56,6,50,6,50,0.0,0.10714285714285714,0.10714285714285714,0.8928571428571429,0.8928571428571429,-8.446675,-1.2499187,5.6723733,3.9509027,14.909629,6.4342966,-1.3942155,-3.2950313
p087,ethnicity,val,white or caucasian,male,56-65,white or caucasian,56,38,18,38,18,0.0,0.6785714285714286,0.6785714285714286,0.3214285714285714,0.3214285714285714,-8.446675,-1.2499187,5.6723733,3.9509027,14.909629,6.4342966,-1.3942155,-3.2950313
p087,gender,val,male,male,56-65,white or caucasian,56,52,4,52,4,0.0,0.9285714285714286,0.9285714285714286,0.0714285714285714,0.0714285714285714,-8.446675,-1.2499187,5.6723733,3.9509027,14.909629,6.4342966,-1.3942155,-3.2950313
p088,age,val,18-25,male,18-25,white or caucasian,51,34,17,34,17,0.6274509803921569,0.6666666666666666,0.6666666666666666,0.33333333333333337,0.33333333333333337,-6.3265924,4.900357,6.415221,2.1083999,24.213074,2.2020142,0.01359072,-5.184777
p088,ethnicity,val,white or caucasian,male,18-25,white or caucasian,51,49,2,49,2,0.6666666666666666,0.9607843137254902,0.9607843137254902,0.039215686274509776,0.039215686274509776,-6.3265924,4.900357,6.415221,2.1083999,24.213074,2.2020142,0.01359072,-5.184777
p088,gender,val,male,male,18-25,white or caucasian,51,51,0,51,0,0.0,1.0,1.0,0.0,0.0,-6.3265924,4.900357,6.415221,2.1083999,24.213074,2.2020142,0.01359072,-5.184777
p089,age,val,26-35,female,26-35,asian,54,8,46,8,46,0.018518518518518517,0.14814814814814814,0.14814814814814814,0.8518518518518519,0.8518518518518519,6.998838,-0.8615452,-3.593061,-5.033211,-22.894802,-7.649344,-2.7701018,5.1239944
p089,ethnicity,val,asian,female,26-35,asian,54,15,39,15,39,0.0,0.2777777777777778,0.2777777777777778,0.7222222222222222,0.7222222222222222,6.998838,-0.8615452,-3.593061,-5.033211,-22.894802,-7.649344,-2.7701018,5.1239944
p089,gender,val,female,female,26-35,asian,54,54,0,54,0,0.9629629629629629,1.0,1.0,0.0,0.0,6.998838,-0.8615452,-3.593061,-5.033211,-22.894802,-7.649344,-2.7701018,5.1239944
p090,age,val,56-65,male,56-65,white or caucasian,56,29,27,29,27,0.05357142857142857,0.5178571428571429,0.5178571428571429,0.4821428571428571,0.4821428571428571,-7.9358826,-0.6311588,4.578992,3.9798768,-7.7737265,26.819578,-4.2240353,-0.95908624
p090,ethnicity,val,white or caucasian,male,56-65,white or caucasian,56,56,0,56,0,0.7142857142857143,1.0,1.0,0.0,0.0,-7.9358826,-0.6311588,4.578992,3.9798768,-7.7737265,26.819578,-4.2240353,-0.95908624
p090,gender,val,male,male,56-65,white or caucasian,56,56,0,56,0,0.5714285714285714,1.0,1.0,0.0,0.0,-7.9358826,-0.6311588,4.578992,3.9798768,-7.7737265,26.819578,-4.2240353,-0.95908624
p091,age,val,26-35,male,26-35,white or caucasian,55,27,28,27,28,0.0,0.4909090909090909,0.4909090909090909,0.509090909090909,0.509090909090909,-7.8274426,1.1476957,6.5163245,3.219066,1.3457133,16.72539,-0.61562324,5.24217
p091,ethnicity,val,white or caucasian,male,26-35,white or caucasian,55,54,1,54,1,0.0,0.9818181818181818,0.9818181818181818,0.018181818181818188,0.018181818181818188,-7.8274426,1.1476957,6.5163245,3.219066,1.3457133,16.72539,-0.61562324,5.24217
p091,gender,val,male,male,26-35,white or caucasian,55,50,5,50,5,0.0,0.9090909090909091,0.9090909090909091,0.09090909090909094,0.09090909090909094,-7.8274426,1.1476957,6.5163245,3.219066,1.3457133,16.72539,-0.61562324,5.24217
p092,age,val,36-45,female,36-45,white or caucasian,55,10,45,10,45,0.01818181818181818,0.18181818181818182,0.18181818181818182,0.8181818181818181,0.8181818181818181,-0.69021946,-0.35269216,2.711461,-0.26578453,-8.786851,5.8718967,-2.80589,1.6487368
p092,ethnicity,val,white or caucasian,female,36-45,white or caucasian,55,49,6,49,6,0.8727272727272727,0.8909090909090909,0.8909090909090909,0.10909090909090913,0.10909090909090913,-0.69021946,-0.35269216,2.711461,-0.26578453,-8.786851,5.8718967,-2.80589,1.6487368
p092,gender,val,female,female,36-45,white or caucasian,55,32,23,32,23,0.0,0.5818181818181818,0.5818181818181818,0.4181818181818182,0.4181818181818182,-0.69021946,-0.35269216,2.711461,-0.26578453,-8.786851,5.8718967,-2.80589,1.6487368
p093,age,val,56-65,female,56-65,white or caucasian,55,43,12,43,12,0.7272727272727273,0.7818181818181819,0.7818181818181819,0.21818181818181814,0.21818181818181814,6.9277844,-3.7661176,-0.08902903,-3.9933486,-19.095905,-5.493704,-1.6070138,3.77804
p093,ethnicity,val,white or caucasian,female,56-65,white or caucasian,55,55,0,55,0,0.0,1.0,1.0,0.0,0.0,6.9277844,-3.7661176,-0.08902903,-3.9933486,-19.095905,-5.493704,-1.6070138,3.77804
p093,gender,val,female,female,56-65,white or caucasian,55,51,4,51,4,0.0,0.9272727272727272,0.9272727272727272,0.07272727272727275,0.07272727272727275,6.9277844,-3.7661176,-0.08902903,-3.9933486,-19.095905,-5.493704,-1.6070138,3.77804
p094,age,val,36-45,male,36-45,hispanic or latino,55,32,23,32,23,0.5636363636363636,0.5818181818181818,0.5818181818181818,0.4181818181818182,0.4181818181818182,-7.708725,-0.4728976,2.1828222,3.171133,29.882423,7.4480376,-1.3393883,-4.92968
p094,ethnicity,val,hispanic or latino,male,36-45,hispanic or latino,55,30,25,30,25,0.0,0.5454545454545454,0.5454545454545454,0.4545454545454546,0.4545454545454546,-7.708725,-0.4728976,2.1828222,3.171133,29.882423,7.4480376,-1.3393883,-4.92968
p094,gender,val,male,male,36-45,hispanic or latino,55,52,3,52,3,0.0,0.9454545454545454,0.9454545454545454,0.054545454545454564,0.054545454545454564,-7.708725,-0.4728976,2.1828222,3.171133,29.882423,7.4480376,-1.3393883,-4.92968
p095,age,val,36-45,male,36-45,white or caucasian,51,41,10,41,10,0.0392156862745098,0.803921568627451,0.803921568627451,0.196078431372549,0.196078431372549,-7.6578693,-9.083158,2.1590664,4.3413143,24.263912,3.1488402,-2.2649338,-6.5285616
p095,ethnicity,val,white or caucasian,male,36-45,white or caucasian,51,50,1,50,1,0.8431372549019608,0.9803921568627451,0.9803921568627451,0.019607843137254943,0.019607843137254943,-7.6578693,-9.083158,2.1590664,4.3413143,24.263912,3.1488402,-2.2649338,-6.5285616
p095,gender,val,male,male,36-45,white or caucasian,51,51,0,51,0,0.0,1.0,1.0,0.0,0.0,-7.6578693,-9.083158,2.1590664,4.3413143,24.263912,3.1488402,-2.2649338,-6.5285616
p096,age,val,18-25,non-binary / third gender,18-25,white or caucasian,51,35,16,35,16,0.5882352941176471,0.6862745098039216,0.6862745098039216,0.3137254901960784,0.3137254901960784,8.573477,-1.6225432,-2.6752725,-5.0319104,-14.296693,-17.453821,1.2516031,3.7474356
p096,ethnicity,val,white or caucasian,non-binary / third gender,18-25,white or caucasian,51,50,1,50,1,0.0,0.9803921568627451,0.9803921568627451,0.019607843137254943,0.019607843137254943,8.573477,-1.6225432,-2.6752725,-5.0319104,-14.296693,-17.453821,1.2516031,3.7474356
p096,gender,val,,non-binary / third gender,18-25,white or caucasian,51,0,51,0,51,0.0,0.0,0.0,1.0,1.0,8.573477,-1.6225432,-2.6752725,-5.0319104,-14.296693,-17.453821,1.2516031,3.7474356
p097,age,val,56-65,male,56-65,white or caucasian,53,33,20,33,20,0.0,0.6226415094339622,0.6226415094339622,0.37735849056603776,0.37735849056603776,-5.618114,-1.5425884,4.8337774,3.315129,13.962379,1.5943499,-1.3122814,-6.1524014
p097,ethnicity,val,white or caucasian,male,56-65,white or caucasian,53,53,0,53,0,0.0,1.0,1.0,0.0,0.0,-5.618114,-1.5425884,4.8337774,3.315129,13.962379,1.5943499,-1.3122814,-6.1524014
p097,gender,val,male,male,56-65,white or caucasian,53,51,2,51,2,0.0,0.9622641509433962,0.9622641509433962,0.037735849056603765,0.037735849056603765,-5.618114,-1.5425884,4.8337774,3.315129,13.962379,1.5943499,-1.3122814,-6.1524014
p098,age,val,46-55,female,46-55,black or african american,57,48,9,48,9,0.08771929824561403,0.8421052631578947,0.8421052631578947,0.1578947368421053,0.1578947368421053,-2.3784232,-5.6988935,1.9136246,0.58659774,2.1242855,-1.1066875,-0.8544355,-0.3483793
p098,ethnicity,val,black or african american,female,46-55,black or african american,57,37,20,37,20,0.0,0.6491228070175439,0.6491228070175439,0.3508771929824561,0.3508771929824561,-2.3784232,-5.6988935,1.9136246,0.58659774,2.1242855,-1.1066875,-0.8544355,-0.3483793
p098,gender,val,female,female,46-55,black or african american,57,39,18,39,18,0.0,0.6842105263157895,0.6842105263157895,0.3157894736842105,0.3157894736842105,-2.3784232,-5.6988935,1.9136246,0.58659774,2.1242855,-1.1066875,-0.8544355,-0.3483793
p099,age,test,46-55,female,46-55,black or african american,269,185,84,185,84,0.05204460966542751,0.6877323420074349,0.6877323420074349,0.31226765799256506,0.31226765799256506,-5.014323,0.68688154,4.1912646,-1.6171647,11.820946,-6.1964984,0.11358251,-1.6326213
p099,ethnicity,test,black or african american,female,46-55,black or african american,269,247,22,247,22,0.8773234200743495,0.9182156133828996,0.9182156133828996,0.08178438661710041,0.08178438661710041,-5.014323,0.68688154,4.1912646,-1.6171647,11.820946,-6.1964984,0.11358251,-1.6326213
p099,gender,test,female,female,46-55,black or african american,269,199,70,199,70,0.0,0.7397769516728625,0.7397769516728625,0.2602230483271375,0.2602230483271375,-5.014323,0.68688154,4.1912646,-1.6171647,11.820946,-6.1964984,0.11358251,-1.6326213
p100,age,val,36-45,female,36-45,white or caucasian,54,24,30,24,30,0.3888888888888889,0.4444444444444444,0.4444444444444444,0.5555555555555556,0.5555555555555556,0.18144149,-3.382431,1.9910382,-0.5003611,-10.295626,-1.6239285,-1.1157292,2.400802
p100,ethnicity,val,white or caucasian,female,36-45,white or caucasian,54,52,2,52,2,0.0,0.9629629629629629,0.9629629629629629,0.03703703703703709,0.03703703703703709,0.18144149,-3.382431,1.9910382,-0.5003611,-10.295626,-1.6239285,-1.1157292,2.400802
p100,gender,val,female,female,36-45,white or caucasian,54,49,5,49,5,0.0,0.9074074074074074,0.9074074074074074,0.09259259259259256,0.09259259259259256,0.18144149,-3.382431,1.9910382,-0.5003611,-10.295626,-1.6239285,-1.1157292,2.400802
p101,age,val,46-55,male,46-55,black or african american,53,13,40,13,40,0.018867924528301886,0.24528301886792453,0.24528301886792453,0.7547169811320755,0.7547169811320755,-8.7556925,-1.8884045,5.6005793,5.5546737,34.741,-0.5912443,-0.7562569,-7.209479
p101,ethnicity,val,black or african american,male,46-55,black or african american,53,43,10,43,10,0.03773584905660377,0.8113207547169812,0.8113207547169812,0.18867924528301883,0.18867924528301883,-8.7556925,-1.8884045,5.6005793,5.5546737,34.741,-0.5912443,-0.7562569,-7.209479
p101,gender,val,male,male,46-55,black or african american,53,52,1,52,1,0.0,0.9811320754716981,0.9811320754716981,0.018867924528301883,0.018867924528301883,-8.7556925,-1.8884045,5.6005793,5.5546737,34.741,-0.5912443,-0.7562569,-7.209479
p102,age,test,26-35,male,26-35,white or caucasian,251,34,217,34,217,0.01593625498007968,0.13545816733067728,0.13545816733067728,0.8645418326693227,0.8645418326693227,-7.387435,-1.9324461,5.1103835,2.8503826,19.427198,6.120325,-2.2663205,-6.0267224
p102,ethnicity,test,white or caucasian,male,26-35,white or caucasian,251,250,1,250,1,0.0,0.9960159362549801,0.9960159362549801,0.003984063745019917,0.003984063745019917,-7.387435,-1.9324461,5.1103835,2.8503826,19.427198,6.120325,-2.2663205,-6.0267224
p102,gender,test,male,male,26-35,white or caucasian,251,247,4,247,4,0.0,0.9840637450199203,0.9840637450199203,0.015936254980079667,0.015936254980079667,-7.387435,-1.9324461,5.1103835,2.8503826,19.427198,6.120325,-2.2663205,-6.0267224
p103,age,val,,prefer not to answer,prefer not to answer,prefer not to answer,65,0,65,0,65,0.0,0.0,0.0,1.0,1.0,6.04472,2.146306,-1.4176569,-2.2423637,-16.845139,-1.6514271,-2.0185099,3.357719
p103,ethnicity,val,prefer not to answer,prefer not to answer,prefer not to answer,prefer not to answer,65,0,65,0,65,0.0,0.0,0.0,1.0,1.0,6.04472,2.146306,-1.4176569,-2.2423637,-16.845139,-1.6514271,-2.0185099,3.357719
p103,gender,val,,prefer not to answer,prefer not to answer,prefer not to answer,65,0,65,0,65,0.0,0.0,0.0,1.0,1.0,6.04472,2.146306,-1.4176569,-2.2423637,-16.845139,-1.6514271,-2.0185099,3.357719
p104,age,val,56-65,female,56-65,white or caucasian,55,39,16,39,16,0.6909090909090909,0.7090909090909091,0.7090909090909091,0.2909090909090909,0.2909090909090909,3.4026306,-2.6474478,1.2624631,-1.5739026,-34.622993,6.569874,-4.1773553,4.921095
p104,ethnicity,val,white or caucasian,female,56-65,white or caucasian,55,55,0,55,0,0.0,1.0,1.0,0.0,0.0,3.4026306,-2.6474478,1.2624631,-1.5739026,-34.622993,6.569874,-4.1773553,4.921095
p104,gender,val,female,female,56-65,white or caucasian,55,50,5,50,5,0.0,0.9090909090909091,0.9090909090909091,0.09090909090909094,0.09090909090909094,3.4026306,-2.6474478,1.2624631,-1.5739026,-34.622993,6.569874,-4.1773553,4.921095
p105,age,val,36-45,male,36-45,black or african american,58,16,42,16,42,0.0,0.27586206896551724,0.27586206896551724,0.7241379310344828,0.7241379310344828,-6.767582,-4.2497497,4.764616,5.6604347,6.4094443,15.68555,-2.3569798,-2.1648438
p105,ethnicity,val,black or african american,male,36-45,black or african american,58,40,18,40,18,0.0,0.6896551724137931,0.6896551724137931,0.31034482758620685,0.31034482758620685,-6.767582,-4.2497497,4.764616,5.6604347,6.4094443,15.68555,-2.3569798,-2.1648438
p105,gender,val,male,male,36-45,black or african american,58,54,4,54,4,0.0,0.9310344827586207,0.9310344827586207,0.06896551724137934,0.06896551724137934,-6.767582,-4.2497497,4.764616,5.6604347,6.4094443,15.68555,-2.3569798,-2.1648438
p106,age,val,56-65,female,56-65,white or caucasian,55,17,38,17,38,0.09090909090909091,0.3090909090909091,0.3090909090909091,0.6909090909090909,0.6909090909090909,5.682639,-1.7887188,-4.002832,-2.7918613,-10.45476,-10.720674,-0.34625512,3.1777391
p106,ethnicity,val,white or caucasian,female,56-65,white or caucasian,55,53,2,53,2,0.0,0.9636363636363636,0.9636363636363636,0.036363636363636376,0.036363636363636376,5.682639,-1.7887188,-4.002832,-2.7918613,-10.45476,-10.720674,-0.34625512,3.1777391
p106,gender,val,female,female,56-65,white or caucasian,55,48,7,48,7,0.0,0.8727272727272727,0.8727272727272727,0.12727272727272732,0.12727272727272732,5.682639,-1.7887188,-4.002832,-2.7918613,-10.45476,-10.720674,-0.34625512,3.1777391
p107,age,val,36-45,male,36-45,asian,54,34,20,34,20,0.3148148148148148,0.6296296296296297,0.6296296296296297,0.37037037037037035,0.37037037037037035,-4.2857804,8.903134,6.448705,-0.73924696,21.62605,5.9094276,0.9103665,-4.846598
p107,ethnicity,val,asian,male,36-45,asian,54,27,27,27,27,0.0,0.5,0.5,0.5,0.5,-4.2857804,8.903134,6.448705,-0.73924696,21.62605,5.9094276,0.9103665,-4.846598
p107,gender,val,male,male,36-45,asian,54,54,0,54,0,0.0,1.0,1.0,0.0,0.0,-4.2857804,8.903134,6.448705,-0.73924696,21.62605,5.9094276,0.9103665,-4.846598
